img,sign
https://s3.tarchna.di.unimi.it/iesp-development/1056.jpg,https://s3.tarchna.di.unimi.it/iesp-development/1057.jpg
https://s3.tarchna.di.unimi.it/iesp-development/1060.jpg,https://s3.tarchna.di.unimi.it/iesp-development/1061.jpg
https://s3.tarchna.di.unimi.it/iesp-development/1063.jpg,https://s3.tarchna.di.unimi.it/iesp-development/1064.jpg
https://s3.tarchna.di.unimi.it/iesp-development/1066.jpg,https://s3.tarchna.di.unimi.it/iesp-development/1067.jpg
https://s3.tarchna.di.unimi.it/iesp-development/1069.jpg,https://s3.tarchna.di.unimi.it/iesp-development/1070.jpg
https://s3.tarchna.di.unimi.it/iesp-development/1072.jpg,https://s3.tarchna.di.unimi.it/iesp-development/1073.jpg
https://s3.tarchna.di.unimi.it/iesp-development/1075.jpg,https://s3.tarchna.di.unimi.it/iesp-development/1076.jpg
https://s3.tarchna.di.unimi.it/iesp-development/1078.jpg,https://s3.tarchna.di.unimi.it/iesp-development/1079.jpg
https://s3.tarchna.di.unimi.it/iesp-development/1082.jpg,https://s3.tarchna.di.unimi.it/iesp-development/1083.jpg
https://s3.tarchna.di.unimi.it/iesp-development/1082.jpg,https://s3.tarchna.di.unimi.it/iesp-development/1084.jpg
https://s3.tarchna.di.unimi.it/iesp-development/1089.jpg,https://s3.tarchna.di.unimi.it/iesp-development/1090.jpg
https://s3.tarchna.di.unimi.it/iesp-development/1092.jpg,https://s3.tarchna.di.unimi.it/iesp-development/1093.jpg
https://s3.tarchna.di.unimi.it/iesp-development/1095.jpg,https://s3.tarchna.di.unimi.it/iesp-development/1096.jpg
https://s3.tarchna.di.unimi.it/iesp-development/1098.jpg,https://s3.tarchna.di.unimi.it/iesp-development/1099.jpg
https://s3.tarchna.di.unimi.it/iesp-development/1103.jpg,https://s3.tarchna.di.unimi.it/iesp-development/1104.jpg
https://s3.tarchna.di.unimi.it/iesp-development/1107.jpg,https://s3.tarchna.di.unimi.it/iesp-development/1108.jpg
https://s3.tarchna.di.unimi.it/iesp-development/1110.jpg,https://s3.tarchna.di.unimi.it/iesp-development/1111.jpg
https://s3.tarchna.di.unimi.it/iesp-development/1113.jpg,https://s3.tarchna.di.unimi.it/iesp-development/1114.jpg
https://s3.tarchna.di.unimi.it/iesp-development/1116.jpg,https://s3.tarchna.di.unimi.it/iesp-development/1117.jpg
https://s3.tarchna.di.unimi.it/iesp-development/1121.jpg,https://s3.tarchna.di.unimi.it/iesp-development/1122.jpg
https://s3.tarchna.di.unimi.it/iesp-development/1121.jpg,https://s3.tarchna.di.unimi.it/iesp-development/1125.jpg
https://s3.tarchna.di.unimi.it/iesp-development/1127.jpg,https://s3.tarchna.di.unimi.it/iesp-development/1128.jpg
https://s3.tarchna.di.unimi.it/iesp-development/1130.jpg,https://s3.tarchna.di.unimi.it/iesp-development/1131.jpg
https://s3.tarchna.di.unimi.it/iesp-development/1133.jpg,https://s3.tarchna.di.unimi.it/iesp-development/1134.jpg
https://s3.tarchna.di.unimi.it/iesp-development/1137.jpg,https://s3.tarchna.di.unimi.it/iesp-development/1138.jpg
https://s3.tarchna.di.unimi.it/iesp-development/1140.jpg,https://s3.tarchna.di.unimi.it/iesp-development/1141.jpg
https://s3.tarchna.di.unimi.it/iesp-development/1143.jpg,https://s3.tarchna.di.unimi.it/iesp-development/1144.jpg
https://s3.tarchna.di.unimi.it/iesp-development/1149.jpg,https://s3.tarchna.di.unimi.it/iesp-development/1150.jpg
https://s3.tarchna.di.unimi.it/iesp-development/1152.jpg,https://s3.tarchna.di.unimi.it/iesp-development/1153.jpg
https://s3.tarchna.di.unimi.it/iesp-development/1155.jpg,https://s3.tarchna.di.unimi.it/iesp-development/1156.jpg
https://s3.tarchna.di.unimi.it/iesp-development/1155.jpg,https://s3.tarchna.di.unimi.it/iesp-development/1159.jpg
https://s3.tarchna.di.unimi.it/iesp-development/1161.jpg,https://s3.tarchna.di.unimi.it/iesp-development/1162.jpg
https://s3.tarchna.di.unimi.it/iesp-development/1164.jpg,https://s3.tarchna.di.unimi.it/iesp-development/1165.jpg
https://s3.tarchna.di.unimi.it/iesp-development/1167.jpg,https://s3.tarchna.di.unimi.it/iesp-development/1168.jpg
https://s3.tarchna.di.unimi.it/iesp-development/1170.jpg,https://s3.tarchna.di.unimi.it/iesp-development/1171.jpg
https://s3.tarchna.di.unimi.it/iesp-development/1173.jpg,https://s3.tarchna.di.unimi.it/iesp-development/1174.jpg
https://s3.tarchna.di.unimi.it/iesp-development/1176.jpg,https://s3.tarchna.di.unimi.it/iesp-development/1177.jpg
https://s3.tarchna.di.unimi.it/iesp-development/1179.jpg,https://s3.tarchna.di.unimi.it/iesp-development/1180.jpg
https://s3.tarchna.di.unimi.it/iesp-development/1182.jpg,https://s3.tarchna.di.unimi.it/iesp-development/1183.jpg
https://s3.tarchna.di.unimi.it/iesp-development/1185.jpg,https://s3.tarchna.di.unimi.it/iesp-development/1186.jpg
https://s3.tarchna.di.unimi.it/iesp-development/1188.jpg,https://s3.tarchna.di.unimi.it/iesp-development/1189.jpg
https://s3.tarchna.di.unimi.it/iesp-development/1191.jpg,https://s3.tarchna.di.unimi.it/iesp-development/1192.jpg
https://s3.tarchna.di.unimi.it/iesp-development/1194.jpg,https://s3.tarchna.di.unimi.it/iesp-development/1195.jpg
https://s3.tarchna.di.unimi.it/iesp-development/1197.jpg,https://s3.tarchna.di.unimi.it/iesp-development/1198.jpg
https://s3.tarchna.di.unimi.it/iesp-development/1200.jpg,https://s3.tarchna.di.unimi.it/iesp-development/1201.jpg
https://s3.tarchna.di.unimi.it/iesp-development/1203.jpg,https://s3.tarchna.di.unimi.it/iesp-development/1204.jpg
https://s3.tarchna.di.unimi.it/iesp-development/1206.jpg,https://s3.tarchna.di.unimi.it/iesp-development/1207.jpg
https://s3.tarchna.di.unimi.it/iesp-development/1209.jpg,https://s3.tarchna.di.unimi.it/iesp-development/1210.jpg
https://s3.tarchna.di.unimi.it/iesp-development/1212.jpg,https://s3.tarchna.di.unimi.it/iesp-development/1213.jpg
https://s3.tarchna.di.unimi.it/iesp-development/1216.jpg,https://s3.tarchna.di.unimi.it/iesp-development/1217.jpg
https://s3.tarchna.di.unimi.it/iesp-development/1220.jpg,https://s3.tarchna.di.unimi.it/iesp-development/1221.jpg
https://s3.tarchna.di.unimi.it/iesp-development/1223.jpg,https://s3.tarchna.di.unimi.it/iesp-development/1224.jpg
https://s3.tarchna.di.unimi.it/iesp-development/1226.jpg,https://s3.tarchna.di.unimi.it/iesp-development/1227.jpg
https://s3.tarchna.di.unimi.it/iesp-development/1229.jpg,https://s3.tarchna.di.unimi.it/iesp-development/1230.jpg
https://s3.tarchna.di.unimi.it/iesp-development/1232.jpg,https://s3.tarchna.di.unimi.it/iesp-development/1233.jpg
https://s3.tarchna.di.unimi.it/iesp-development/1235.jpg,https://s3.tarchna.di.unimi.it/iesp-development/1236.jpg
https://s3.tarchna.di.unimi.it/iesp-development/1246.jpg,https://s3.tarchna.di.unimi.it/iesp-development/1247.jpg
https://s3.tarchna.di.unimi.it/iesp-development/1249.jpg,https://s3.tarchna.di.unimi.it/iesp-development/1250.jpg
https://s3.tarchna.di.unimi.it/iesp-development/1252.jpg,https://s3.tarchna.di.unimi.it/iesp-development/1253.jpg
https://s3.tarchna.di.unimi.it/iesp-development/1256.jpg,https://s3.tarchna.di.unimi.it/iesp-development/1257.jpg
https://s3.tarchna.di.unimi.it/iesp-development/1259.jpg,https://s3.tarchna.di.unimi.it/iesp-development/1260.jpg
https://s3.tarchna.di.unimi.it/iesp-development/1263.jpg,https://s3.tarchna.di.unimi.it/iesp-development/1264.jpg
https://s3.tarchna.di.unimi.it/iesp-development/1266.jpg,https://s3.tarchna.di.unimi.it/iesp-development/1267.jpg
https://s3.tarchna.di.unimi.it/iesp-development/1270.jpg,https://s3.tarchna.di.unimi.it/iesp-development/1271.jpg
https://s3.tarchna.di.unimi.it/iesp-development/1270.jpg,https://s3.tarchna.di.unimi.it/iesp-development/1274.jpg
https://s3.tarchna.di.unimi.it/iesp-development/1276.jpg,https://s3.tarchna.di.unimi.it/iesp-development/1277.jpg
https://s3.tarchna.di.unimi.it/iesp-development/1279.jpg,https://s3.tarchna.di.unimi.it/iesp-development/1280.jpg
https://s3.tarchna.di.unimi.it/iesp-development/1285.jpg,https://s3.tarchna.di.unimi.it/iesp-development/1286.jpg
https://s3.tarchna.di.unimi.it/iesp-development/1288.jpg,https://s3.tarchna.di.unimi.it/iesp-development/1289.jpg
https://s3.tarchna.di.unimi.it/iesp-development/1293.jpg,https://s3.tarchna.di.unimi.it/iesp-development/1294.jpg
https://s3.tarchna.di.unimi.it/iesp-development/1297.jpg,https://s3.tarchna.di.unimi.it/iesp-development/1298.jpg
https://s3.tarchna.di.unimi.it/iesp-development/1300.jpg,https://s3.tarchna.di.unimi.it/iesp-development/1301.jpg
https://s3.tarchna.di.unimi.it/iesp-development/1303.jpg,https://s3.tarchna.di.unimi.it/iesp-development/1304.jpg
https://s3.tarchna.di.unimi.it/iesp-development/1306.jpg,https://s3.tarchna.di.unimi.it/iesp-development/1307.jpg
https://s3.tarchna.di.unimi.it/iesp-development/1309.jpg,https://s3.tarchna.di.unimi.it/iesp-development/1310.jpg
https://s3.tarchna.di.unimi.it/iesp-development/1309.jpg,https://s3.tarchna.di.unimi.it/iesp-development/1312.jpg
https://s3.tarchna.di.unimi.it/iesp-development/1314.jpg,https://s3.tarchna.di.unimi.it/iesp-development/1315.jpg
https://s3.tarchna.di.unimi.it/iesp-development/1317.jpg,https://s3.tarchna.di.unimi.it/iesp-development/1318.jpg
https://s3.tarchna.di.unimi.it/iesp-development/1323.jpg,https://s3.tarchna.di.unimi.it/iesp-development/1324.jpg
https://s3.tarchna.di.unimi.it/iesp-development/1326.jpg,https://s3.tarchna.di.unimi.it/iesp-development/1327.jpg
https://s3.tarchna.di.unimi.it/iesp-development/1335.jpg,https://s3.tarchna.di.unimi.it/iesp-development/1336.jpg
https://s3.tarchna.di.unimi.it/iesp-development/1338.jpg,https://s3.tarchna.di.unimi.it/iesp-development/1339.jpg
https://s3.tarchna.di.unimi.it/iesp-development/1338.jpg,https://s3.tarchna.di.unimi.it/iesp-development/1341.jpg
https://s3.tarchna.di.unimi.it/iesp-development/134.jpg,https://s3.tarchna.di.unimi.it/iesp-development/135.jpg
https://s3.tarchna.di.unimi.it/iesp-development/134.jpg,https://s3.tarchna.di.unimi.it/iesp-development/136.jpg
https://s3.tarchna.di.unimi.it/iesp-development/1343.jpg,https://s3.tarchna.di.unimi.it/iesp-development/1344.jpg
https://s3.tarchna.di.unimi.it/iesp-development/1349.jpg,https://s3.tarchna.di.unimi.it/iesp-development/1350.jpg
https://s3.tarchna.di.unimi.it/iesp-development/1352.jpg,https://s3.tarchna.di.unimi.it/iesp-development/1353.jpg
https://s3.tarchna.di.unimi.it/iesp-development/1355.jpg,https://s3.tarchna.di.unimi.it/iesp-development/1356.jpg
https://s3.tarchna.di.unimi.it/iesp-development/1358.jpg,https://s3.tarchna.di.unimi.it/iesp-development/1359.jpg
https://s3.tarchna.di.unimi.it/iesp-development/1361.jpg,https://s3.tarchna.di.unimi.it/iesp-development/1362.jpg
https://s3.tarchna.di.unimi.it/iesp-development/1365.jpg,https://s3.tarchna.di.unimi.it/iesp-development/1366.jpg
https://s3.tarchna.di.unimi.it/iesp-development/1368.jpg,https://s3.tarchna.di.unimi.it/iesp-development/1369.jpg
https://s3.tarchna.di.unimi.it/iesp-development/1371.jpg,https://s3.tarchna.di.unimi.it/iesp-development/1372.jpg
https://s3.tarchna.di.unimi.it/iesp-development/1374.jpg,https://s3.tarchna.di.unimi.it/iesp-development/1375.jpg
https://s3.tarchna.di.unimi.it/iesp-development/1378.jpg,https://s3.tarchna.di.unimi.it/iesp-development/1379.jpg
https://s3.tarchna.di.unimi.it/iesp-development/138.jpg,https://s3.tarchna.di.unimi.it/iesp-development/139.jpg
https://s3.tarchna.di.unimi.it/iesp-development/138.jpg,https://s3.tarchna.di.unimi.it/iesp-development/140.jpg
https://s3.tarchna.di.unimi.it/iesp-development/1381.jpg,https://s3.tarchna.di.unimi.it/iesp-development/1382.jpg
https://s3.tarchna.di.unimi.it/iesp-development/1384.jpg,https://s3.tarchna.di.unimi.it/iesp-development/1385.jpg
https://s3.tarchna.di.unimi.it/iesp-development/1387.jpg,https://s3.tarchna.di.unimi.it/iesp-development/1388.jpg
https://s3.tarchna.di.unimi.it/iesp-development/1392.jpg,https://s3.tarchna.di.unimi.it/iesp-development/1393.jpg
https://s3.tarchna.di.unimi.it/iesp-development/1395.jpg,https://s3.tarchna.di.unimi.it/iesp-development/1396.jpg
https://s3.tarchna.di.unimi.it/iesp-development/1398.jpg,https://s3.tarchna.di.unimi.it/iesp-development/1399.jpg
https://s3.tarchna.di.unimi.it/iesp-development/1401.jpg,https://s3.tarchna.di.unimi.it/iesp-development/1402.jpg
https://s3.tarchna.di.unimi.it/iesp-development/1401.jpg,https://s3.tarchna.di.unimi.it/iesp-development/1404.jpg
https://s3.tarchna.di.unimi.it/iesp-development/1406.jpg,https://s3.tarchna.di.unimi.it/iesp-development/1407.jpg
https://s3.tarchna.di.unimi.it/iesp-development/1413.jpg,https://s3.tarchna.di.unimi.it/iesp-development/1414.jpg
https://s3.tarchna.di.unimi.it/iesp-development/1416.jpg,https://s3.tarchna.di.unimi.it/iesp-development/1417.jpg
https://s3.tarchna.di.unimi.it/iesp-development/1419.jpg,https://s3.tarchna.di.unimi.it/iesp-development/1420.jpg
https://s3.tarchna.di.unimi.it/iesp-development/1422.jpg,https://s3.tarchna.di.unimi.it/iesp-development/1423.jpg
https://s3.tarchna.di.unimi.it/iesp-development/1425.jpg,https://s3.tarchna.di.unimi.it/iesp-development/1426.jpg
https://s3.tarchna.di.unimi.it/iesp-development/1428.jpg,https://s3.tarchna.di.unimi.it/iesp-development/1429.jpg
https://s3.tarchna.di.unimi.it/iesp-development/1431.jpg,https://s3.tarchna.di.unimi.it/iesp-development/1432.jpg
https://s3.tarchna.di.unimi.it/iesp-development/1434.jpg,https://s3.tarchna.di.unimi.it/iesp-development/1435.jpg
https://s3.tarchna.di.unimi.it/iesp-development/1437.jpg,https://s3.tarchna.di.unimi.it/iesp-development/1438.jpg
https://s3.tarchna.di.unimi.it/iesp-development/1440.jpg,https://s3.tarchna.di.unimi.it/iesp-development/1441.jpg
https://s3.tarchna.di.unimi.it/iesp-development/1443.jpg,https://s3.tarchna.di.unimi.it/iesp-development/1444.jpg
https://s3.tarchna.di.unimi.it/iesp-development/1446.jpg,https://s3.tarchna.di.unimi.it/iesp-development/1447.jpg
https://s3.tarchna.di.unimi.it/iesp-development/1449.jpg,https://s3.tarchna.di.unimi.it/iesp-development/1450.jpg
https://s3.tarchna.di.unimi.it/iesp-development/1452.jpg,https://s3.tarchna.di.unimi.it/iesp-development/1453.jpg
https://s3.tarchna.di.unimi.it/iesp-development/1455.jpg,https://s3.tarchna.di.unimi.it/iesp-development/1456.jpg
https://s3.tarchna.di.unimi.it/iesp-development/1458.jpg,https://s3.tarchna.di.unimi.it/iesp-development/1459.jpg
https://s3.tarchna.di.unimi.it/iesp-development/146.jpg,https://s3.tarchna.di.unimi.it/iesp-development/147.jpg
https://s3.tarchna.di.unimi.it/iesp-development/146.jpg,https://s3.tarchna.di.unimi.it/iesp-development/148.jpg
https://s3.tarchna.di.unimi.it/iesp-development/1461.jpg,https://s3.tarchna.di.unimi.it/iesp-development/1462.jpg
https://s3.tarchna.di.unimi.it/iesp-development/1464.jpg,https://s3.tarchna.di.unimi.it/iesp-development/1465.jpg
https://s3.tarchna.di.unimi.it/iesp-development/1470.jpg,https://s3.tarchna.di.unimi.it/iesp-development/1471.jpg
https://s3.tarchna.di.unimi.it/iesp-development/1470.jpg,https://s3.tarchna.di.unimi.it/iesp-development/1473.jpg
https://s3.tarchna.di.unimi.it/iesp-development/1475.jpg,https://s3.tarchna.di.unimi.it/iesp-development/1476.jpg
https://s3.tarchna.di.unimi.it/iesp-development/1478.jpg,https://s3.tarchna.di.unimi.it/iesp-development/1479.jpg
https://s3.tarchna.di.unimi.it/iesp-development/1481.jpg,https://s3.tarchna.di.unimi.it/iesp-development/1482.jpg
https://s3.tarchna.di.unimi.it/iesp-development/1487.jpg,https://s3.tarchna.di.unimi.it/iesp-development/1488.jpg
https://s3.tarchna.di.unimi.it/iesp-development/1490.jpg,https://s3.tarchna.di.unimi.it/iesp-development/1491.jpg
https://s3.tarchna.di.unimi.it/iesp-development/1493.jpg,https://s3.tarchna.di.unimi.it/iesp-development/1494.jpg
https://s3.tarchna.di.unimi.it/iesp-development/1496.jpg,https://s3.tarchna.di.unimi.it/iesp-development/1497.jpg
https://s3.tarchna.di.unimi.it/iesp-development/1499.jpg,https://s3.tarchna.di.unimi.it/iesp-development/1500.jpg
https://s3.tarchna.di.unimi.it/iesp-development/150.jpg,https://s3.tarchna.di.unimi.it/iesp-development/151.jpg
https://s3.tarchna.di.unimi.it/iesp-development/150.jpg,https://s3.tarchna.di.unimi.it/iesp-development/152.jpg
https://s3.tarchna.di.unimi.it/iesp-development/1502.jpg,https://s3.tarchna.di.unimi.it/iesp-development/1503.jpg
https://s3.tarchna.di.unimi.it/iesp-development/1505.jpg,https://s3.tarchna.di.unimi.it/iesp-development/1506.jpg
https://s3.tarchna.di.unimi.it/iesp-development/1511.jpg,https://s3.tarchna.di.unimi.it/iesp-development/1512.jpg
https://s3.tarchna.di.unimi.it/iesp-development/1514.jpg,https://s3.tarchna.di.unimi.it/iesp-development/1515.jpg
https://s3.tarchna.di.unimi.it/iesp-development/1517.jpg,https://s3.tarchna.di.unimi.it/iesp-development/1518.jpg
https://s3.tarchna.di.unimi.it/iesp-development/1520.jpg,https://s3.tarchna.di.unimi.it/iesp-development/1521.jpg
https://s3.tarchna.di.unimi.it/iesp-development/1523.jpg,https://s3.tarchna.di.unimi.it/iesp-development/1524.jpg
https://s3.tarchna.di.unimi.it/iesp-development/1539.jpg,https://s3.tarchna.di.unimi.it/iesp-development/103.jpg
https://s3.tarchna.di.unimi.it/iesp-development/1539.jpg,https://s3.tarchna.di.unimi.it/iesp-development/1598.jpg
https://s3.tarchna.di.unimi.it/iesp-development/1543.jpg,https://s3.tarchna.di.unimi.it/iesp-development/1008.jpg
https://s3.tarchna.di.unimi.it/iesp-development/1543.jpg,https://s3.tarchna.di.unimi.it/iesp-development/1009.jpg
https://s3.tarchna.di.unimi.it/iesp-development/1543.jpg,https://s3.tarchna.di.unimi.it/iesp-development/1602.jpg
https://s3.tarchna.di.unimi.it/iesp-development/1549.jpg,https://s3.tarchna.di.unimi.it/iesp-development/111.jpg
https://s3.tarchna.di.unimi.it/iesp-development/1549.jpg,https://s3.tarchna.di.unimi.it/iesp-development/1604.jpg
https://s3.tarchna.di.unimi.it/iesp-development/1559.jpg,https://s3.tarchna.di.unimi.it/iesp-development/1012.jpg
https://s3.tarchna.di.unimi.it/iesp-development/1559.jpg,https://s3.tarchna.di.unimi.it/iesp-development/1608.jpg
https://s3.tarchna.di.unimi.it/iesp-development/1562.jpg,https://s3.tarchna.di.unimi.it/iesp-development/1015.jpg
https://s3.tarchna.di.unimi.it/iesp-development/1562.jpg,https://s3.tarchna.di.unimi.it/iesp-development/1610.jpg
https://s3.tarchna.di.unimi.it/iesp-development/1565.jpg,https://s3.tarchna.di.unimi.it/iesp-development/1018.jpg
https://s3.tarchna.di.unimi.it/iesp-development/1565.jpg,https://s3.tarchna.di.unimi.it/iesp-development/1612.jpg
https://s3.tarchna.di.unimi.it/iesp-development/1574.jpg,https://s3.tarchna.di.unimi.it/iesp-development/1022.jpg
https://s3.tarchna.di.unimi.it/iesp-development/1574.jpg,https://s3.tarchna.di.unimi.it/iesp-development/1614.jpg
https://s3.tarchna.di.unimi.it/iesp-development/1575.jpg,https://s3.tarchna.di.unimi.it/iesp-development/1025.jpg
https://s3.tarchna.di.unimi.it/iesp-development/1575.jpg,https://s3.tarchna.di.unimi.it/iesp-development/1616.jpg
https://s3.tarchna.di.unimi.it/iesp-development/1578.jpg,https://s3.tarchna.di.unimi.it/iesp-development/1028.jpg
https://s3.tarchna.di.unimi.it/iesp-development/1578.jpg,https://s3.tarchna.di.unimi.it/iesp-development/1029.jpg
https://s3.tarchna.di.unimi.it/iesp-development/1578.jpg,https://s3.tarchna.di.unimi.it/iesp-development/1618.jpg
https://s3.tarchna.di.unimi.it/iesp-development/1581.jpg,https://s3.tarchna.di.unimi.it/iesp-development/1032.jpg
https://s3.tarchna.di.unimi.it/iesp-development/1581.jpg,https://s3.tarchna.di.unimi.it/iesp-development/1033.jpg
https://s3.tarchna.di.unimi.it/iesp-development/1581.jpg,https://s3.tarchna.di.unimi.it/iesp-development/1034.jpg
https://s3.tarchna.di.unimi.it/iesp-development/1581.jpg,https://s3.tarchna.di.unimi.it/iesp-development/1620.jpg
https://s3.tarchna.di.unimi.it/iesp-development/1587.jpg,https://s3.tarchna.di.unimi.it/iesp-development/124.jpg
https://s3.tarchna.di.unimi.it/iesp-development/1587.jpg,https://s3.tarchna.di.unimi.it/iesp-development/1588.jpg
https://s3.tarchna.di.unimi.it/iesp-development/1591.jpg,https://s3.tarchna.di.unimi.it/iesp-development/1592.jpg
https://s3.tarchna.di.unimi.it/iesp-development/1591.jpg,https://s3.tarchna.di.unimi.it/iesp-development/1593.jpg
https://s3.tarchna.di.unimi.it/iesp-development/1595.jpg,https://s3.tarchna.di.unimi.it/iesp-development/1596.jpg
https://s3.tarchna.di.unimi.it/iesp-development/1595.jpg,https://s3.tarchna.di.unimi.it/iesp-development/172.jpg
https://s3.tarchna.di.unimi.it/iesp-development/1622.jpg,https://s3.tarchna.di.unimi.it/iesp-development/1037.jpg
https://s3.tarchna.di.unimi.it/iesp-development/1622.jpg,https://s3.tarchna.di.unimi.it/iesp-development/1623.jpg
https://s3.tarchna.di.unimi.it/iesp-development/1625.jpg,https://s3.tarchna.di.unimi.it/iesp-development/107.jpg
https://s3.tarchna.di.unimi.it/iesp-development/1625.jpg,https://s3.tarchna.di.unimi.it/iesp-development/1626.jpg
https://s3.tarchna.di.unimi.it/iesp-development/1628.jpg,https://s3.tarchna.di.unimi.it/iesp-development/1629.jpg
https://s3.tarchna.di.unimi.it/iesp-development/1628.jpg,https://s3.tarchna.di.unimi.it/iesp-development/258.jpg
https://s3.tarchna.di.unimi.it/iesp-development/1631.jpg,https://s3.tarchna.di.unimi.it/iesp-development/1632.jpg
https://s3.tarchna.di.unimi.it/iesp-development/1631.jpg,https://s3.tarchna.di.unimi.it/iesp-development/270.jpg
https://s3.tarchna.di.unimi.it/iesp-development/1635.jpg,https://s3.tarchna.di.unimi.it/iesp-development/1636.jpg
https://s3.tarchna.di.unimi.it/iesp-development/1638.jpg,https://s3.tarchna.di.unimi.it/iesp-development/1042.jpg
https://s3.tarchna.di.unimi.it/iesp-development/1638.jpg,https://s3.tarchna.di.unimi.it/iesp-development/1639.jpg
https://s3.tarchna.di.unimi.it/iesp-development/1641.jpg,https://s3.tarchna.di.unimi.it/iesp-development/120.jpg
https://s3.tarchna.di.unimi.it/iesp-development/1641.jpg,https://s3.tarchna.di.unimi.it/iesp-development/1642.jpg
https://s3.tarchna.di.unimi.it/iesp-development/1644.jpg,https://s3.tarchna.di.unimi.it/iesp-development/1051.jpg
https://s3.tarchna.di.unimi.it/iesp-development/1644.jpg,https://s3.tarchna.di.unimi.it/iesp-development/1645.jpg
https://s3.tarchna.di.unimi.it/iesp-development/1647.jpg,https://s3.tarchna.di.unimi.it/iesp-development/156.jpg
https://s3.tarchna.di.unimi.it/iesp-development/1647.jpg,https://s3.tarchna.di.unimi.it/iesp-development/1648.jpg
https://s3.tarchna.di.unimi.it/iesp-development/1650.jpg,https://s3.tarchna.di.unimi.it/iesp-development/1087.jpg
https://s3.tarchna.di.unimi.it/iesp-development/1650.jpg,https://s3.tarchna.di.unimi.it/iesp-development/1651.jpg
https://s3.tarchna.di.unimi.it/iesp-development/1654.jpg,https://s3.tarchna.di.unimi.it/iesp-development/1655.jpg
https://s3.tarchna.di.unimi.it/iesp-development/1654.jpg,https://s3.tarchna.di.unimi.it/iesp-development/1656.jpg
https://s3.tarchna.di.unimi.it/iesp-development/1660.jpg,https://s3.tarchna.di.unimi.it/iesp-development/1661.jpg
https://s3.tarchna.di.unimi.it/iesp-development/1663.jpg,https://s3.tarchna.di.unimi.it/iesp-development/1729.jpg
https://s3.tarchna.di.unimi.it/iesp-development/1664.jpg,https://s3.tarchna.di.unimi.it/iesp-development/1731.jpg
https://s3.tarchna.di.unimi.it/iesp-development/1665.jpg,https://s3.tarchna.di.unimi.it/iesp-development/1736.jpg
https://s3.tarchna.di.unimi.it/iesp-development/1666.jpg,https://s3.tarchna.di.unimi.it/iesp-development/1738.jpg
https://s3.tarchna.di.unimi.it/iesp-development/1667.jpg,https://s3.tarchna.di.unimi.it/iesp-development/1740.jpg
https://s3.tarchna.di.unimi.it/iesp-development/1726.jpg,https://s3.tarchna.di.unimi.it/iesp-development/1005.jpg
https://s3.tarchna.di.unimi.it/iesp-development/1726.jpg,https://s3.tarchna.di.unimi.it/iesp-development/1727.jpg
https://s3.tarchna.di.unimi.it/iesp-development/1733.jpg,https://s3.tarchna.di.unimi.it/iesp-development/116.jpg
https://s3.tarchna.di.unimi.it/iesp-development/1733.jpg,https://s3.tarchna.di.unimi.it/iesp-development/1734.jpg
https://s3.tarchna.di.unimi.it/iesp-development/1742.jpg,https://s3.tarchna.di.unimi.it/iesp-development/1743.jpg
https://s3.tarchna.di.unimi.it/iesp-development/1745.jpg,https://s3.tarchna.di.unimi.it/iesp-development/1746.jpg
https://s3.tarchna.di.unimi.it/iesp-development/1751.jpg,https://s3.tarchna.di.unimi.it/iesp-development/1749.jpg
https://s3.tarchna.di.unimi.it/iesp-development/1751.jpg,https://s3.tarchna.di.unimi.it/iesp-development/262.jpg
https://s3.tarchna.di.unimi.it/iesp-development/178.jpg,https://s3.tarchna.di.unimi.it/iesp-development/180.jpg
https://s3.tarchna.di.unimi.it/iesp-development/182.jpg,https://s3.tarchna.di.unimi.it/iesp-development/183.jpg
https://s3.tarchna.di.unimi.it/iesp-development/182.jpg,https://s3.tarchna.di.unimi.it/iesp-development/184.jpg
https://s3.tarchna.di.unimi.it/iesp-development/186.jpg,https://s3.tarchna.di.unimi.it/iesp-development/187.jpg
https://s3.tarchna.di.unimi.it/iesp-development/186.jpg,https://s3.tarchna.di.unimi.it/iesp-development/188.jpg
https://s3.tarchna.di.unimi.it/iesp-development/190.jpg,https://s3.tarchna.di.unimi.it/iesp-development/191.jpg
https://s3.tarchna.di.unimi.it/iesp-development/190.jpg,https://s3.tarchna.di.unimi.it/iesp-development/192.jpg
https://s3.tarchna.di.unimi.it/iesp-development/194.jpg,https://s3.tarchna.di.unimi.it/iesp-development/195.jpg
https://s3.tarchna.di.unimi.it/iesp-development/194.jpg,https://s3.tarchna.di.unimi.it/iesp-development/196.jpg
https://s3.tarchna.di.unimi.it/iesp-development/198.jpg,https://s3.tarchna.di.unimi.it/iesp-development/199.jpg
https://s3.tarchna.di.unimi.it/iesp-development/198.jpg,https://s3.tarchna.di.unimi.it/iesp-development/200.jpg
https://s3.tarchna.di.unimi.it/iesp-development/202.jpg,https://s3.tarchna.di.unimi.it/iesp-development/203.jpg
https://s3.tarchna.di.unimi.it/iesp-development/202.jpg,https://s3.tarchna.di.unimi.it/iesp-development/204.jpg
https://s3.tarchna.di.unimi.it/iesp-development/211.jpg,https://s3.tarchna.di.unimi.it/iesp-development/212.jpg
https://s3.tarchna.di.unimi.it/iesp-development/211.jpg,https://s3.tarchna.di.unimi.it/iesp-development/213.jpg
https://s3.tarchna.di.unimi.it/iesp-development/215.jpg,https://s3.tarchna.di.unimi.it/iesp-development/1101.jpg
https://s3.tarchna.di.unimi.it/iesp-development/215.jpg,https://s3.tarchna.di.unimi.it/iesp-development/216.jpg
https://s3.tarchna.di.unimi.it/iesp-development/215.jpg,https://s3.tarchna.di.unimi.it/iesp-development/217.jpg
https://s3.tarchna.di.unimi.it/iesp-development/219.jpg,https://s3.tarchna.di.unimi.it/iesp-development/220.jpg
https://s3.tarchna.di.unimi.it/iesp-development/219.jpg,https://s3.tarchna.di.unimi.it/iesp-development/221.jpg
https://s3.tarchna.di.unimi.it/iesp-development/223.jpg,https://s3.tarchna.di.unimi.it/iesp-development/224.jpg
https://s3.tarchna.di.unimi.it/iesp-development/223.jpg,https://s3.tarchna.di.unimi.it/iesp-development/225.jpg
https://s3.tarchna.di.unimi.it/iesp-development/231.jpg,https://s3.tarchna.di.unimi.it/iesp-development/228.jpg
https://s3.tarchna.di.unimi.it/iesp-development/231.jpg,https://s3.tarchna.di.unimi.it/iesp-development/229.jpg
https://s3.tarchna.di.unimi.it/iesp-development/232.jpg,https://s3.tarchna.di.unimi.it/iesp-development/233.jpg
https://s3.tarchna.di.unimi.it/iesp-development/232.jpg,https://s3.tarchna.di.unimi.it/iesp-development/234.jpg
https://s3.tarchna.di.unimi.it/iesp-development/244.jpg,https://s3.tarchna.di.unimi.it/iesp-development/245.jpg
https://s3.tarchna.di.unimi.it/iesp-development/244.jpg,https://s3.tarchna.di.unimi.it/iesp-development/246.jpg
https://s3.tarchna.di.unimi.it/iesp-development/248.jpg,https://s3.tarchna.di.unimi.it/iesp-development/249.jpg
https://s3.tarchna.di.unimi.it/iesp-development/248.jpg,https://s3.tarchna.di.unimi.it/iesp-development/250.jpg
https://s3.tarchna.di.unimi.it/iesp-development/252.jpg,https://s3.tarchna.di.unimi.it/iesp-development/253.jpg
https://s3.tarchna.di.unimi.it/iesp-development/252.jpg,https://s3.tarchna.di.unimi.it/iesp-development/254.jpg
https://s3.tarchna.di.unimi.it/iesp-development/264.jpg,https://s3.tarchna.di.unimi.it/iesp-development/265.jpg
https://s3.tarchna.di.unimi.it/iesp-development/264.jpg,https://s3.tarchna.di.unimi.it/iesp-development/266.jpg
https://s3.tarchna.di.unimi.it/iesp-development/272.jpg,https://s3.tarchna.di.unimi.it/iesp-development/273.jpg
https://s3.tarchna.di.unimi.it/iesp-development/272.jpg,https://s3.tarchna.di.unimi.it/iesp-development/274.jpg
https://s3.tarchna.di.unimi.it/iesp-development/276.jpg,https://s3.tarchna.di.unimi.it/iesp-development/277.jpg
https://s3.tarchna.di.unimi.it/iesp-development/276.jpg,https://s3.tarchna.di.unimi.it/iesp-development/278.jpg
https://s3.tarchna.di.unimi.it/iesp-development/280.jpg,https://s3.tarchna.di.unimi.it/iesp-development/281.jpg
https://s3.tarchna.di.unimi.it/iesp-development/280.jpg,https://s3.tarchna.di.unimi.it/iesp-development/282.jpg
https://s3.tarchna.di.unimi.it/iesp-development/284.jpg,https://s3.tarchna.di.unimi.it/iesp-development/285.jpg
https://s3.tarchna.di.unimi.it/iesp-development/284.jpg,https://s3.tarchna.di.unimi.it/iesp-development/286.jpg
https://s3.tarchna.di.unimi.it/iesp-development/288.jpg,https://s3.tarchna.di.unimi.it/iesp-development/289.jpg
https://s3.tarchna.di.unimi.it/iesp-development/288.jpg,https://s3.tarchna.di.unimi.it/iesp-development/290.jpg
https://s3.tarchna.di.unimi.it/iesp-development/292.jpg,https://s3.tarchna.di.unimi.it/iesp-development/293.jpg
https://s3.tarchna.di.unimi.it/iesp-development/292.jpg,https://s3.tarchna.di.unimi.it/iesp-development/294.jpg
https://s3.tarchna.di.unimi.it/iesp-development/296.jpg,https://s3.tarchna.di.unimi.it/iesp-development/297.jpg
https://s3.tarchna.di.unimi.it/iesp-development/296.jpg,https://s3.tarchna.di.unimi.it/iesp-development/298.jpg
https://s3.tarchna.di.unimi.it/iesp-development/300.jpg,https://s3.tarchna.di.unimi.it/iesp-development/301.jpg
https://s3.tarchna.di.unimi.it/iesp-development/300.jpg,https://s3.tarchna.di.unimi.it/iesp-development/302.jpg
https://s3.tarchna.di.unimi.it/iesp-development/304.jpg,https://s3.tarchna.di.unimi.it/iesp-development/305.jpg
https://s3.tarchna.di.unimi.it/iesp-development/304.jpg,https://s3.tarchna.di.unimi.it/iesp-development/306.jpg
https://s3.tarchna.di.unimi.it/iesp-development/308.jpg,https://s3.tarchna.di.unimi.it/iesp-development/309.jpg
https://s3.tarchna.di.unimi.it/iesp-development/308.jpg,https://s3.tarchna.di.unimi.it/iesp-development/310.jpg
https://s3.tarchna.di.unimi.it/iesp-development/316.jpg,https://s3.tarchna.di.unimi.it/iesp-development/317.jpg
https://s3.tarchna.di.unimi.it/iesp-development/316.jpg,https://s3.tarchna.di.unimi.it/iesp-development/318.jpg
https://s3.tarchna.di.unimi.it/iesp-development/329.jpg,https://s3.tarchna.di.unimi.it/iesp-development/330.jpg
https://s3.tarchna.di.unimi.it/iesp-development/329.jpg,https://s3.tarchna.di.unimi.it/iesp-development/331.jpg
https://s3.tarchna.di.unimi.it/iesp-development/353.jpg,https://s3.tarchna.di.unimi.it/iesp-development/354.jpg
https://s3.tarchna.di.unimi.it/iesp-development/353.jpg,https://s3.tarchna.di.unimi.it/iesp-development/355.jpg
https://s3.tarchna.di.unimi.it/iesp-development/357.jpg,https://s3.tarchna.di.unimi.it/iesp-development/358.jpg
https://s3.tarchna.di.unimi.it/iesp-development/375.jpg,https://s3.tarchna.di.unimi.it/iesp-development/93.jpg
https://s3.tarchna.di.unimi.it/iesp-development/376.jpg,https://s3.tarchna.di.unimi.it/iesp-development/96.jpg
https://s3.tarchna.di.unimi.it/iesp-development/378.jpg,https://s3.tarchna.di.unimi.it/iesp-development/379.jpg
https://s3.tarchna.di.unimi.it/iesp-development/457.jpg,https://s3.tarchna.di.unimi.it/iesp-development/458.jpg
https://s3.tarchna.di.unimi.it/iesp-development/457.jpg,https://s3.tarchna.di.unimi.it/iesp-development/459.jpg
https://s3.tarchna.di.unimi.it/iesp-development/457.jpg,https://s3.tarchna.di.unimi.it/iesp-development/460.jpg
https://s3.tarchna.di.unimi.it/iesp-development/462.jpg,https://s3.tarchna.di.unimi.it/iesp-development/463.jpg
https://s3.tarchna.di.unimi.it/iesp-development/465.jpg,https://s3.tarchna.di.unimi.it/iesp-development/466.jpg
https://s3.tarchna.di.unimi.it/iesp-development/468.jpg,https://s3.tarchna.di.unimi.it/iesp-development/469.jpg
https://s3.tarchna.di.unimi.it/iesp-development/471.jpg,https://s3.tarchna.di.unimi.it/iesp-development/472.jpg
https://s3.tarchna.di.unimi.it/iesp-development/477.jpg,https://s3.tarchna.di.unimi.it/iesp-development/478.jpg
https://s3.tarchna.di.unimi.it/iesp-development/477.jpg,https://s3.tarchna.di.unimi.it/iesp-development/479.jpg
https://s3.tarchna.di.unimi.it/iesp-development/481.jpg,https://s3.tarchna.di.unimi.it/iesp-development/482.jpg
https://s3.tarchna.di.unimi.it/iesp-development/481.jpg,https://s3.tarchna.di.unimi.it/iesp-development/483.jpg
https://s3.tarchna.di.unimi.it/iesp-development/485.jpg,https://s3.tarchna.di.unimi.it/iesp-development/486.jpg
https://s3.tarchna.di.unimi.it/iesp-development/492.jpg,https://s3.tarchna.di.unimi.it/iesp-development/493.jpg
https://s3.tarchna.di.unimi.it/iesp-development/492.jpg,https://s3.tarchna.di.unimi.it/iesp-development/494.jpg
https://s3.tarchna.di.unimi.it/iesp-development/496.jpg,https://s3.tarchna.di.unimi.it/iesp-development/497.jpg
https://s3.tarchna.di.unimi.it/iesp-development/496.jpg,https://s3.tarchna.di.unimi.it/iesp-development/498.jpg
https://s3.tarchna.di.unimi.it/iesp-development/500.jpg,https://s3.tarchna.di.unimi.it/iesp-development/501.jpg
https://s3.tarchna.di.unimi.it/iesp-development/503.jpg,https://s3.tarchna.di.unimi.it/iesp-development/504.jpg
https://s3.tarchna.di.unimi.it/iesp-development/503.jpg,https://s3.tarchna.di.unimi.it/iesp-development/505.jpg
https://s3.tarchna.di.unimi.it/iesp-development/507.jpg,https://s3.tarchna.di.unimi.it/iesp-development/508.jpg
https://s3.tarchna.di.unimi.it/iesp-development/507.jpg,https://s3.tarchna.di.unimi.it/iesp-development/509.jpg
https://s3.tarchna.di.unimi.it/iesp-development/511.jpg,https://s3.tarchna.di.unimi.it/iesp-development/512.jpg
https://s3.tarchna.di.unimi.it/iesp-development/514.jpg,https://s3.tarchna.di.unimi.it/iesp-development/515.jpg
https://s3.tarchna.di.unimi.it/iesp-development/517.jpg,https://s3.tarchna.di.unimi.it/iesp-development/518.jpg
https://s3.tarchna.di.unimi.it/iesp-development/520.jpg,https://s3.tarchna.di.unimi.it/iesp-development/521.jpg
https://s3.tarchna.di.unimi.it/iesp-development/523.jpg,https://s3.tarchna.di.unimi.it/iesp-development/524.jpg
https://s3.tarchna.di.unimi.it/iesp-development/526.jpg,https://s3.tarchna.di.unimi.it/iesp-development/527.jpg
https://s3.tarchna.di.unimi.it/iesp-development/532.jpg,https://s3.tarchna.di.unimi.it/iesp-development/533.jpg
https://s3.tarchna.di.unimi.it/iesp-development/535.jpg,https://s3.tarchna.di.unimi.it/iesp-development/536.jpg
https://s3.tarchna.di.unimi.it/iesp-development/538.jpg,https://s3.tarchna.di.unimi.it/iesp-development/539.jpg
https://s3.tarchna.di.unimi.it/iesp-development/541.jpg,https://s3.tarchna.di.unimi.it/iesp-development/542.jpg
https://s3.tarchna.di.unimi.it/iesp-development/541.jpg,https://s3.tarchna.di.unimi.it/iesp-development/563.jpg
https://s3.tarchna.di.unimi.it/iesp-development/544.jpg,https://s3.tarchna.di.unimi.it/iesp-development/545.jpg
https://s3.tarchna.di.unimi.it/iesp-development/547.jpg,https://s3.tarchna.di.unimi.it/iesp-development/548.jpg
https://s3.tarchna.di.unimi.it/iesp-development/550.jpg,https://s3.tarchna.di.unimi.it/iesp-development/551.jpg
https://s3.tarchna.di.unimi.it/iesp-development/556.jpg,https://s3.tarchna.di.unimi.it/iesp-development/557.jpg
https://s3.tarchna.di.unimi.it/iesp-development/556.jpg,https://s3.tarchna.di.unimi.it/iesp-development/565.jpg
https://s3.tarchna.di.unimi.it/iesp-development/559.jpg,https://s3.tarchna.di.unimi.it/iesp-development/560.jpg
https://s3.tarchna.di.unimi.it/iesp-development/567.jpg,https://s3.tarchna.di.unimi.it/iesp-development/554.jpg
https://s3.tarchna.di.unimi.it/iesp-development/568.jpg,https://s3.tarchna.di.unimi.it/iesp-development/578.jpg
https://s3.tarchna.di.unimi.it/iesp-development/581.jpg,https://s3.tarchna.di.unimi.it/iesp-development/582.jpg
https://s3.tarchna.di.unimi.it/iesp-development/581.jpg,https://s3.tarchna.di.unimi.it/iesp-development/583.jpg
https://s3.tarchna.di.unimi.it/iesp-development/596.jpg,https://s3.tarchna.di.unimi.it/iesp-development/597.jpg
https://s3.tarchna.di.unimi.it/iesp-development/599.jpg,https://s3.tarchna.di.unimi.it/iesp-development/600.jpg
https://s3.tarchna.di.unimi.it/iesp-development/602.jpg,https://s3.tarchna.di.unimi.it/iesp-development/603.jpg
https://s3.tarchna.di.unimi.it/iesp-development/606.jpg,https://s3.tarchna.di.unimi.it/iesp-development/607.jpg
https://s3.tarchna.di.unimi.it/iesp-development/609.jpg,https://s3.tarchna.di.unimi.it/iesp-development/610.jpg
https://s3.tarchna.di.unimi.it/iesp-development/609.jpg,https://s3.tarchna.di.unimi.it/iesp-development/612.jpg
https://s3.tarchna.di.unimi.it/iesp-development/614.jpg,https://s3.tarchna.di.unimi.it/iesp-development/615.jpg
https://s3.tarchna.di.unimi.it/iesp-development/617.jpg,https://s3.tarchna.di.unimi.it/iesp-development/618.jpg
https://s3.tarchna.di.unimi.it/iesp-development/617.jpg,https://s3.tarchna.di.unimi.it/iesp-development/619.jpg
https://s3.tarchna.di.unimi.it/iesp-development/621.jpg,https://s3.tarchna.di.unimi.it/iesp-development/622.jpg
https://s3.tarchna.di.unimi.it/iesp-development/625.jpg,https://s3.tarchna.di.unimi.it/iesp-development/626.jpg
https://s3.tarchna.di.unimi.it/iesp-development/628.jpg,https://s3.tarchna.di.unimi.it/iesp-development/629.jpg
https://s3.tarchna.di.unimi.it/iesp-development/631.jpg,https://s3.tarchna.di.unimi.it/iesp-development/632.jpg
https://s3.tarchna.di.unimi.it/iesp-development/634.jpg,https://s3.tarchna.di.unimi.it/iesp-development/635.jpg
https://s3.tarchna.di.unimi.it/iesp-development/654.jpg,https://s3.tarchna.di.unimi.it/iesp-development/651.jpg
https://s3.tarchna.di.unimi.it/iesp-development/654.jpg,https://s3.tarchna.di.unimi.it/iesp-development/652.jpg
https://s3.tarchna.di.unimi.it/iesp-development/663.jpg,https://s3.tarchna.di.unimi.it/iesp-development/656.jpg
https://s3.tarchna.di.unimi.it/iesp-development/663.jpg,https://s3.tarchna.di.unimi.it/iesp-development/657.jpg
https://s3.tarchna.di.unimi.it/iesp-development/666.jpg,https://s3.tarchna.di.unimi.it/iesp-development/660.jpg
https://s3.tarchna.di.unimi.it/iesp-development/666.jpg,https://s3.tarchna.di.unimi.it/iesp-development/661.jpg
https://s3.tarchna.di.unimi.it/iesp-development/666.jpg,https://s3.tarchna.di.unimi.it/iesp-development/664.jpg
https://s3.tarchna.di.unimi.it/iesp-development/667.jpg,https://s3.tarchna.di.unimi.it/iesp-development/668.jpg
https://s3.tarchna.di.unimi.it/iesp-development/667.jpg,https://s3.tarchna.di.unimi.it/iesp-development/669.jpg
https://s3.tarchna.di.unimi.it/iesp-development/671.jpg,https://s3.tarchna.di.unimi.it/iesp-development/672.jpg
https://s3.tarchna.di.unimi.it/iesp-development/671.jpg,https://s3.tarchna.di.unimi.it/iesp-development/673.jpg
https://s3.tarchna.di.unimi.it/iesp-development/681.jpg,https://s3.tarchna.di.unimi.it/iesp-development/682.jpg
https://s3.tarchna.di.unimi.it/iesp-development/681.jpg,https://s3.tarchna.di.unimi.it/iesp-development/683.jpg
https://s3.tarchna.di.unimi.it/iesp-development/685.jpg,https://s3.tarchna.di.unimi.it/iesp-development/686.jpg
https://s3.tarchna.di.unimi.it/iesp-development/685.jpg,https://s3.tarchna.di.unimi.it/iesp-development/687.jpg
https://s3.tarchna.di.unimi.it/iesp-development/689.jpg,https://s3.tarchna.di.unimi.it/iesp-development/690.jpg
https://s3.tarchna.di.unimi.it/iesp-development/689.jpg,https://s3.tarchna.di.unimi.it/iesp-development/691.jpg
https://s3.tarchna.di.unimi.it/iesp-development/693.jpg,https://s3.tarchna.di.unimi.it/iesp-development/694.jpg
https://s3.tarchna.di.unimi.it/iesp-development/693.jpg,https://s3.tarchna.di.unimi.it/iesp-development/695.jpg
https://s3.tarchna.di.unimi.it/iesp-development/697.jpg,https://s3.tarchna.di.unimi.it/iesp-development/698.jpg
https://s3.tarchna.di.unimi.it/iesp-development/697.jpg,https://s3.tarchna.di.unimi.it/iesp-development/699.jpg
https://s3.tarchna.di.unimi.it/iesp-development/701.jpg,https://s3.tarchna.di.unimi.it/iesp-development/704.jpg
https://s3.tarchna.di.unimi.it/iesp-development/701.jpg,https://s3.tarchna.di.unimi.it/iesp-development/705.jpg
https://s3.tarchna.di.unimi.it/iesp-development/707.jpg,https://s3.tarchna.di.unimi.it/iesp-development/530.jpg
https://s3.tarchna.di.unimi.it/iesp-development/709.jpg,https://s3.tarchna.di.unimi.it/iesp-development/710.jpg
https://s3.tarchna.di.unimi.it/iesp-development/709.jpg,https://s3.tarchna.di.unimi.it/iesp-development/712.jpg
https://s3.tarchna.di.unimi.it/iesp-development/709.jpg,https://s3.tarchna.di.unimi.it/iesp-development/714.jpg
https://s3.tarchna.di.unimi.it/iesp-development/716.jpg,https://s3.tarchna.di.unimi.it/iesp-development/717.jpg
https://s3.tarchna.di.unimi.it/iesp-development/719.jpg,https://s3.tarchna.di.unimi.it/iesp-development/720.jpg
https://s3.tarchna.di.unimi.it/iesp-development/722.jpg,https://s3.tarchna.di.unimi.it/iesp-development/723.jpg
https://s3.tarchna.di.unimi.it/iesp-development/725.jpg,https://s3.tarchna.di.unimi.it/iesp-development/726.jpg
https://s3.tarchna.di.unimi.it/iesp-development/725.jpg,https://s3.tarchna.di.unimi.it/iesp-development/727.jpg
https://s3.tarchna.di.unimi.it/iesp-development/734.jpg,https://s3.tarchna.di.unimi.it/iesp-development/735.jpg
https://s3.tarchna.di.unimi.it/iesp-development/734.jpg,https://s3.tarchna.di.unimi.it/iesp-development/736.jpg
https://s3.tarchna.di.unimi.it/iesp-development/738.jpg,https://s3.tarchna.di.unimi.it/iesp-development/739.jpg
https://s3.tarchna.di.unimi.it/iesp-development/738.jpg,https://s3.tarchna.di.unimi.it/iesp-development/740.jpg
https://s3.tarchna.di.unimi.it/iesp-development/742.jpg,https://s3.tarchna.di.unimi.it/iesp-development/743.jpg
https://s3.tarchna.di.unimi.it/iesp-development/742.jpg,https://s3.tarchna.di.unimi.it/iesp-development/744.jpg
https://s3.tarchna.di.unimi.it/iesp-development/742.jpg,https://s3.tarchna.di.unimi.it/iesp-development/745.jpg
https://s3.tarchna.di.unimi.it/iesp-development/747.jpg,https://s3.tarchna.di.unimi.it/iesp-development/748.jpg
https://s3.tarchna.di.unimi.it/iesp-development/747.jpg,https://s3.tarchna.di.unimi.it/iesp-development/749.jpg
https://s3.tarchna.di.unimi.it/iesp-development/754.jpg,https://s3.tarchna.di.unimi.it/iesp-development/752.jpg
https://s3.tarchna.di.unimi.it/iesp-development/755.jpg,https://s3.tarchna.di.unimi.it/iesp-development/756.jpg
https://s3.tarchna.di.unimi.it/iesp-development/755.jpg,https://s3.tarchna.di.unimi.it/iesp-development/757.jpg
https://s3.tarchna.di.unimi.it/iesp-development/759.jpg,https://s3.tarchna.di.unimi.it/iesp-development/760.jpg
https://s3.tarchna.di.unimi.it/iesp-development/759.jpg,https://s3.tarchna.di.unimi.it/iesp-development/761.jpg
https://s3.tarchna.di.unimi.it/iesp-development/763.jpg,https://s3.tarchna.di.unimi.it/iesp-development/764.jpg
https://s3.tarchna.di.unimi.it/iesp-development/763.jpg,https://s3.tarchna.di.unimi.it/iesp-development/765.jpg
https://s3.tarchna.di.unimi.it/iesp-development/767.jpg,https://s3.tarchna.di.unimi.it/iesp-development/768.jpg
https://s3.tarchna.di.unimi.it/iesp-development/767.jpg,https://s3.tarchna.di.unimi.it/iesp-development/769.jpg
https://s3.tarchna.di.unimi.it/iesp-development/767.jpg,https://s3.tarchna.di.unimi.it/iesp-development/770.jpg
https://s3.tarchna.di.unimi.it/iesp-development/77.jpg,https://s3.tarchna.di.unimi.it/iesp-development/78.jpg
https://s3.tarchna.di.unimi.it/iesp-development/772.jpg,https://s3.tarchna.di.unimi.it/iesp-development/773.jpg
https://s3.tarchna.di.unimi.it/iesp-development/772.jpg,https://s3.tarchna.di.unimi.it/iesp-development/774.jpg
https://s3.tarchna.di.unimi.it/iesp-development/776.jpg,https://s3.tarchna.di.unimi.it/iesp-development/777.jpg
https://s3.tarchna.di.unimi.it/iesp-development/776.jpg,https://s3.tarchna.di.unimi.it/iesp-development/778.jpg
https://s3.tarchna.di.unimi.it/iesp-development/780.jpg,https://s3.tarchna.di.unimi.it/iesp-development/781.jpg
https://s3.tarchna.di.unimi.it/iesp-development/780.jpg,https://s3.tarchna.di.unimi.it/iesp-development/782.jpg
https://s3.tarchna.di.unimi.it/iesp-development/784.jpg,https://s3.tarchna.di.unimi.it/iesp-development/785.jpg
https://s3.tarchna.di.unimi.it/iesp-development/784.jpg,https://s3.tarchna.di.unimi.it/iesp-development/786.jpg
https://s3.tarchna.di.unimi.it/iesp-development/788.jpg,https://s3.tarchna.di.unimi.it/iesp-development/789.jpg
https://s3.tarchna.di.unimi.it/iesp-development/788.jpg,https://s3.tarchna.di.unimi.it/iesp-development/790.jpg
https://s3.tarchna.di.unimi.it/iesp-development/793.jpg,https://s3.tarchna.di.unimi.it/iesp-development/794.jpg
https://s3.tarchna.di.unimi.it/iesp-development/793.jpg,https://s3.tarchna.di.unimi.it/iesp-development/795.jpg
https://s3.tarchna.di.unimi.it/iesp-development/797.jpg,https://s3.tarchna.di.unimi.it/iesp-development/798.jpg
https://s3.tarchna.di.unimi.it/iesp-development/797.jpg,https://s3.tarchna.di.unimi.it/iesp-development/799.jpg
https://s3.tarchna.di.unimi.it/iesp-development/801.jpg,https://s3.tarchna.di.unimi.it/iesp-development/802.jpg
https://s3.tarchna.di.unimi.it/iesp-development/801.jpg,https://s3.tarchna.di.unimi.it/iesp-development/803.jpg
https://s3.tarchna.di.unimi.it/iesp-development/808.jpg,https://s3.tarchna.di.unimi.it/iesp-development/806.jpg
https://s3.tarchna.di.unimi.it/iesp-development/809.jpg,https://s3.tarchna.di.unimi.it/iesp-development/810.jpg
https://s3.tarchna.di.unimi.it/iesp-development/809.jpg,https://s3.tarchna.di.unimi.it/iesp-development/811.jpg
https://s3.tarchna.di.unimi.it/iesp-development/809.jpg,https://s3.tarchna.di.unimi.it/iesp-development/812.jpg
https://s3.tarchna.di.unimi.it/iesp-development/814.jpg,https://s3.tarchna.di.unimi.it/iesp-development/815.jpg
https://s3.tarchna.di.unimi.it/iesp-development/814.jpg,https://s3.tarchna.di.unimi.it/iesp-development/816.jpg
https://s3.tarchna.di.unimi.it/iesp-development/818.jpg,https://s3.tarchna.di.unimi.it/iesp-development/819.jpg
https://s3.tarchna.di.unimi.it/iesp-development/824.jpg,https://s3.tarchna.di.unimi.it/iesp-development/825.jpg
https://s3.tarchna.di.unimi.it/iesp-development/828.jpg,https://s3.tarchna.di.unimi.it/iesp-development/829.jpg
https://s3.tarchna.di.unimi.it/iesp-development/828.jpg,https://s3.tarchna.di.unimi.it/iesp-development/830.jpg
https://s3.tarchna.di.unimi.it/iesp-development/83.jpg,https://s3.tarchna.di.unimi.it/iesp-development/81.jpg
https://s3.tarchna.di.unimi.it/iesp-development/832.jpg,https://s3.tarchna.di.unimi.it/iesp-development/833.jpg
https://s3.tarchna.di.unimi.it/iesp-development/832.jpg,https://s3.tarchna.di.unimi.it/iesp-development/834.jpg
https://s3.tarchna.di.unimi.it/iesp-development/832.jpg,https://s3.tarchna.di.unimi.it/iesp-development/835.jpg
https://s3.tarchna.di.unimi.it/iesp-development/837.jpg,https://s3.tarchna.di.unimi.it/iesp-development/838.jpg
https://s3.tarchna.di.unimi.it/iesp-development/837.jpg,https://s3.tarchna.di.unimi.it/iesp-development/839.jpg
https://s3.tarchna.di.unimi.it/iesp-development/841.jpg,https://s3.tarchna.di.unimi.it/iesp-development/842.jpg
https://s3.tarchna.di.unimi.it/iesp-development/841.jpg,https://s3.tarchna.di.unimi.it/iesp-development/843.jpg
https://s3.tarchna.di.unimi.it/iesp-development/846.jpg,https://s3.tarchna.di.unimi.it/iesp-development/847.jpg
https://s3.tarchna.di.unimi.it/iesp-development/846.jpg,https://s3.tarchna.di.unimi.it/iesp-development/848.jpg
https://s3.tarchna.di.unimi.it/iesp-development/850.jpg,https://s3.tarchna.di.unimi.it/iesp-development/851.jpg
https://s3.tarchna.di.unimi.it/iesp-development/850.jpg,https://s3.tarchna.di.unimi.it/iesp-development/852.jpg
https://s3.tarchna.di.unimi.it/iesp-development/854.jpg,https://s3.tarchna.di.unimi.it/iesp-development/855.jpg
https://s3.tarchna.di.unimi.it/iesp-development/862.jpg,https://s3.tarchna.di.unimi.it/iesp-development/863.jpg
https://s3.tarchna.di.unimi.it/iesp-development/862.jpg,https://s3.tarchna.di.unimi.it/iesp-development/864.jpg
https://s3.tarchna.di.unimi.it/iesp-development/866.jpg,https://s3.tarchna.di.unimi.it/iesp-development/867.jpg
https://s3.tarchna.di.unimi.it/iesp-development/866.jpg,https://s3.tarchna.di.unimi.it/iesp-development/868.jpg
https://s3.tarchna.di.unimi.it/iesp-development/870.jpg,https://s3.tarchna.di.unimi.it/iesp-development/871.jpg
https://s3.tarchna.di.unimi.it/iesp-development/870.jpg,https://s3.tarchna.di.unimi.it/iesp-development/872.jpg
https://s3.tarchna.di.unimi.it/iesp-development/881.jpg,https://s3.tarchna.di.unimi.it/iesp-development/882.jpg
https://s3.tarchna.di.unimi.it/iesp-development/884.jpg,https://s3.tarchna.di.unimi.it/iesp-development/885.jpg
https://s3.tarchna.di.unimi.it/iesp-development/884.jpg,https://s3.tarchna.di.unimi.it/iesp-development/886.jpg
https://s3.tarchna.di.unimi.it/iesp-development/888.jpg,https://s3.tarchna.di.unimi.it/iesp-development/889.jpg
https://s3.tarchna.di.unimi.it/iesp-development/888.jpg,https://s3.tarchna.di.unimi.it/iesp-development/890.jpg
https://s3.tarchna.di.unimi.it/iesp-development/892.jpg,https://s3.tarchna.di.unimi.it/iesp-development/893.jpg
https://s3.tarchna.di.unimi.it/iesp-development/907.jpg,https://s3.tarchna.di.unimi.it/iesp-development/904.jpg
https://s3.tarchna.di.unimi.it/iesp-development/908.jpg,https://s3.tarchna.di.unimi.it/iesp-development/909.jpg
https://s3.tarchna.di.unimi.it/iesp-development/908.jpg,https://s3.tarchna.di.unimi.it/iesp-development/910.jpg
https://s3.tarchna.di.unimi.it/iesp-development/908.jpg,https://s3.tarchna.di.unimi.it/iesp-development/911.jpg
https://s3.tarchna.di.unimi.it/iesp-development/913.jpg,https://s3.tarchna.di.unimi.it/iesp-development/914.jpg
https://s3.tarchna.di.unimi.it/iesp-development/916.jpg,https://s3.tarchna.di.unimi.it/iesp-development/917.jpg
https://s3.tarchna.di.unimi.it/iesp-development/922.jpg,https://s3.tarchna.di.unimi.it/iesp-development/920.jpg
https://s3.tarchna.di.unimi.it/iesp-development/923.jpg,https://s3.tarchna.di.unimi.it/iesp-development/924.jpg
https://s3.tarchna.di.unimi.it/iesp-development/926.jpg,https://s3.tarchna.di.unimi.it/iesp-development/927.jpg
https://s3.tarchna.di.unimi.it/iesp-development/929.jpg,https://s3.tarchna.di.unimi.it/iesp-development/930.jpg
https://s3.tarchna.di.unimi.it/iesp-development/932.jpg,https://s3.tarchna.di.unimi.it/iesp-development/933.jpg
https://s3.tarchna.di.unimi.it/iesp-development/935.jpg,https://s3.tarchna.di.unimi.it/iesp-development/936.jpg
https://s3.tarchna.di.unimi.it/iesp-development/938.jpg,https://s3.tarchna.di.unimi.it/iesp-development/939.jpg
https://s3.tarchna.di.unimi.it/iesp-development/941.jpg,https://s3.tarchna.di.unimi.it/iesp-development/942.jpg
https://s3.tarchna.di.unimi.it/iesp-development/944.jpg,https://s3.tarchna.di.unimi.it/iesp-development/945.jpg
https://s3.tarchna.di.unimi.it/iesp-development/947.jpg,https://s3.tarchna.di.unimi.it/iesp-development/948.jpg
https://s3.tarchna.di.unimi.it/iesp-development/950.jpg,https://s3.tarchna.di.unimi.it/iesp-development/951.jpg
https://s3.tarchna.di.unimi.it/iesp-development/953.jpg,https://s3.tarchna.di.unimi.it/iesp-development/954.jpg
https://s3.tarchna.di.unimi.it/iesp-development/956.jpg,https://s3.tarchna.di.unimi.it/iesp-development/957.jpg
https://s3.tarchna.di.unimi.it/iesp-development/959.jpg,https://s3.tarchna.di.unimi.it/iesp-development/960.jpg
https://s3.tarchna.di.unimi.it/iesp-development/962.jpg,https://s3.tarchna.di.unimi.it/iesp-development/963.jpg
https://s3.tarchna.di.unimi.it/iesp-development/965.jpg,https://s3.tarchna.di.unimi.it/iesp-development/966.jpg
https://s3.tarchna.di.unimi.it/iesp-development/968.jpg,https://s3.tarchna.di.unimi.it/iesp-development/969.jpg
https://s3.tarchna.di.unimi.it/iesp-development/971.jpg,https://s3.tarchna.di.unimi.it/iesp-development/972.jpg
https://s3.tarchna.di.unimi.it/iesp-development/974.jpg,https://s3.tarchna.di.unimi.it/iesp-development/975.jpg
https://s3.tarchna.di.unimi.it/iesp-development/977.jpg,https://s3.tarchna.di.unimi.it/iesp-development/978.jpg
https://s3.tarchna.di.unimi.it/iesp-development/984.jpg,https://s3.tarchna.di.unimi.it/iesp-development/985.jpg
https://s3.tarchna.di.unimi.it/iesp-development/987.jpg,https://s3.tarchna.di.unimi.it/iesp-development/988.jpg
https://s3.tarchna.di.unimi.it/iesp-development/987.jpg,https://s3.tarchna.di.unimi.it/iesp-development/989.jpg
https://s3.tarchna.di.unimi.it/iesp-development/991.jpg,https://s3.tarchna.di.unimi.it/iesp-development/992.jpg
https://s3.tarchna.di.unimi.it/iesp-development/991.jpg,https://s3.tarchna.di.unimi.it/iesp-development/993.jpg
https://s3.tarchna.di.unimi.it/iesp-development/995.jpg,https://s3.tarchna.di.unimi.it/iesp-development/996.jpg
https://s3.tarchna.di.unimi.it/iesp-development/998.jpg,https://s3.tarchna.di.unimi.it/iesp-development/1000.jpg
https://s3.tarchna.di.unimi.it/iesp-development/998.jpg,https://s3.tarchna.di.unimi.it/iesp-development/1001.jpg
https://s3.tarchna.di.unimi.it/iesp-development/998.jpg,https://s3.tarchna.di.unimi.it/iesp-development/999.jpg
